Category,Relation,Variant,Scale Axis,Batch Size,Network,Trace Length,Dataset Size,Merkle Depth,Aggregation T,Proof Backed,Status,Prove Time (s),Verify Time (s),Proof Size (bytes),Cycle Count,Prover Gas,Peak RSS (MB),Max RSS (MB),Prover,Measurement Host,Backend Version,SP1 Version,Git Commit,Case ID,Public Inputs SHA256,Witness Schema SHA256,Metrics Source,Notes
core,td_mvp,canonical,relation,1,tiny,,,,,True,proof_verified,1.04340432,0.125764321,2783869,434785,,,,cuda,,0.1.0,6.1.0,68cfd323236a0a8f334d79f9d84ac510957c6e45,td_mvp,631d0f013151aae0ad033591e360823b446fd84d1bf373d2c508e8a71b22c124,b6ff7a8a1396787c5b293e383ccad9db5ce05339b5e4e986a3efdb26bae0ab7b,artifacts/reports/provenance/sp1/td_mvp/metrics.json,SP1 proof-backed TD target and SmoothL1 loss over a Merkle-committed transition; not full DQN training.; peak RSS unavailable in reused compact provenance
core,merkle_membership,canonical,merkle_depth,,,,,,,True,proof_verified,0.86279849,0.124657196,2779510,116750,,,,cuda,,0.1.0,6.1.0,68cfd323236a0a8f334d79f9d84ac510957c6e45,merkle_membership,0a43b22dcfca73f64fc401123ce5ce00ea0b978134e7f79306d8bd827f6aa1ed,c44ef28f9f74d9b1440e04252379e7335f9a6affabd32c12dc553340542db262,artifacts/reports/provenance/sp1/merkle_membership/metrics.json,peak RSS unavailable in reused compact provenance
core,forward_td_mlp,canonical_tiny,network,1,tiny,,,,,True,proof_verified,1.778908419,0.129028191,2798897,1628852,,,,cuda,,0.1.0,6.1.0,68cfd323236a0a8f334d79f9d84ac510957c6e45,forward_td_mlp,ec163e97daea9b5c2d0b25208a6ba61f22e415c7dd858012a71a37902b760d57,7eb01c2852eaad7478b1262881e4c8e6b8df75b5a50e36758647f6cc85cd6e53,artifacts/reports/provenance/sp1/forward_td_mlp/metrics.json,SP1 proof-backed fixed-point Forward-TD MLP for canonical tiny vector.; peak RSS unavailable in reused compact provenance
core,one_step_sgd_tiny,canonical_tiny,network,1,tiny,,,,,True,proof_verified,1.349984525,0.127010936,2790551,928948,,,,cuda,,0.1.0,6.1.0,68cfd323236a0a8f334d79f9d84ac510957c6e45,one_step_sgd_tiny,f3d69a48bb25dd026e72c04a92f0df0618740d877312caa8539121b443e0165d,e0846fd48ee9b529350c5d8770113bd5dd4ee23d0c375b8cb17b3a5001ebefdf,artifacts/reports/provenance/sp1/one_step_sgd_tiny/metrics.json,SP1 proof-backed tiny fixed-point SGD update for canonical vector.; peak RSS unavailable in reused compact provenance
core,short_trace,canonical,trace_length,,tiny,1,,,,True,proof_verified,0.881319949,0.125628844,2779989,122067,,,,cuda,,0.1.0,6.1.0,68cfd323236a0a8f334d79f9d84ac510957c6e45,short_trace,aab726149bfde7b76428143b1d7852bec3e07c8481b508aac57e7f5535434afb,4586f79cebbf095ee848870248e47b83ade4ad12ae6f55dd39f94452d3e5ec04,artifacts/reports/provenance/sp1/short_trace/metrics.json,SP1 proof-backed tiny checkpoint-chain validation; not full DQN training.; peak RSS unavailable in reused compact provenance
core,training_update,batch1_tiny,batch_size,1,tiny,1,,,,True,proof_verified,0.997119924,0.125730845,2785799,494177,,,,cuda,,0.1.0,6.1.0,68cfd323236a0a8f334d79f9d84ac510957c6e45,training_update_batch1,68d13327e446f770ae98f0e27df3f3340e6283826b9f6555ff7c94eb375ecaeb,3b18cf644caca84f0471dba5a7ad9dc577674d468ebc555dcc7fbf4c12d433a6,artifacts/reports/provenance/sp1/training_update/metrics.json,"SP1 proof-backed one-step training update for canonical batch-size-1 tiny MLP vector; not full training, Adam, or recursive aggregation.; peak RSS unavailable in reused compact provenance"
core,training_fragment_k1,k1,trace_length,1,tiny,1,,,,True,proof_verified,1.619504343,0.127261229,2791999,935015,,,,cuda,,0.1.0,6.1.0,83e5f305703f0ac5c85b213e73fc7dc3fce95985,training_fragment_k1,a319d54c71cdd4ff6e65fbed783b62444f58d3dc1b289674fd11199444aa5fe2,9bdbd86c059fa0cfa98de3e57132842bce6a5994a3d0cccaeba25546770f821c,artifacts/reports/provenance/sp1/training_fragment_k1/metrics.json,"SP1 proof-backed multi-step training fragment for a canonical tiny MLP vector; not full DQN training, Adam, all replay batches, or recursive aggregation.; peak RSS unavailable in reused compact provenance"
core,training_fragment_k4,k4,trace_length,1,tiny,4,,,,True,proof_verified,2.094624044,0.127717316,2808599,2367608,,,,cuda,,0.1.0,6.1.0,83e5f305703f0ac5c85b213e73fc7dc3fce95985,training_fragment_k4,0bcae715aa254b30408da3764b7be5361f8ad8ff8759447d313bd7f5dd198e6b,9bdbd86c059fa0cfa98de3e57132842bce6a5994a3d0cccaeba25546770f821c,artifacts/reports/provenance/sp1/training_fragment_k4/metrics.json,"SP1 proof-backed multi-step training fragment for a canonical tiny MLP vector; not full DQN training, Adam, all replay batches, or recursive aggregation.; peak RSS unavailable in reused compact provenance"
core,training_fragment_k8,k8,trace_length,1,tiny,8,,,,True,proof_verified,3.293015934,0.128721639,2830831,4258262,,,,cuda,,0.1.0,6.1.0,83e5f305703f0ac5c85b213e73fc7dc3fce95985,training_fragment_k8,0846d55b29e6b78c4c4605124a397feffcf7095b809d7f0a7ae2851c2ebc18e6,9bdbd86c059fa0cfa98de3e57132842bce6a5994a3d0cccaeba25546770f821c,artifacts/reports/provenance/sp1/training_fragment_k8/metrics.json,"SP1 proof-backed multi-step training fragment for a canonical tiny MLP vector; not full DQN training, Adam, all replay batches, or recursive aggregation.; peak RSS unavailable in reused compact provenance"
aggregation,training_aggregation_manifest_t32,proof_manifest_chain,aggregation_t,,tiny,,,,32,True,proof_verified,1.424242661,0.125206401,2795671,879949,,,,cuda,,0.1.0,6.1.0,83e5f305703f0ac5c85b213e73fc7dc3fce95985,training_aggregation_manifest_t32,a4edd26b98d600d8ad1e69f3d5cb0823e694fe685c5d56e616bc7f11ff32e751,2f794ea156fde6317254b1f7915cf423db07e978b14f65d4e7f006b27e9c9f7f,artifacts/reports/provenance/sp1/training_aggregation_t32/metrics.json,SP1 proof-backed proof-manifest chunk-chain aggregation; child proof cryptography is not recursively verified inside SP1.; proof-manifest-chain; does not recursively verify child proofs inside SP1; peak RSS unavailable in reused compact provenance
aggregation,training_aggregation_manifest_t64,proof_manifest_chain,aggregation_t,,tiny,,,,64,True,proof_verified,1.8180899369999999,0.125173453,2804079,1507947,,,,cuda,,0.1.0,6.1.0,83e5f305703f0ac5c85b213e73fc7dc3fce95985,training_aggregation_manifest_t64,fcebb021586c586fc0a5f0da037abd12f9f8b92bf49cd10f48dbb515911c0191,2f794ea156fde6317254b1f7915cf423db07e978b14f65d4e7f006b27e9c9f7f,artifacts/reports/provenance/sp1/training_aggregation_t64/metrics.json,SP1 proof-backed proof-manifest chunk-chain aggregation; child proof cryptography is not recursively verified inside SP1.; proof-manifest-chain; does not recursively verify child proofs inside SP1; peak RSS unavailable in reused compact provenance
aggregation,training_aggregation_manifest_t128,proof_manifest_chain,aggregation_t,,tiny,,,,128,True,proof_verified,2.570160927,0.126414505,2819656,2758625,,,,cuda,,0.1.0,6.1.0,83e5f305703f0ac5c85b213e73fc7dc3fce95985,training_aggregation_manifest_t128,492bcd857228456f28470ed7979198403bb01bc9d304e52c4238eb2eab4d7410,2f794ea156fde6317254b1f7915cf423db07e978b14f65d4e7f006b27e9c9f7f,artifacts/reports/provenance/sp1/training_aggregation_t128/metrics.json,SP1 proof-backed proof-manifest chunk-chain aggregation; child proof cryptography is not recursively verified inside SP1.; proof-manifest-chain; does not recursively verify child proofs inside SP1; peak RSS unavailable in reused compact provenance
core,training_fragment,cartpole_expert,committed_dataset,1,"[4, 64, 2]",,,,,True,proof_verified,3.099297747,0.128705393,2829015,4042983,,,,cuda,,0.1.0,6.1.0,83e5f305703f0ac5c85b213e73fc7dc3fce95985,training_fragment_cartpole_expert_k1,9f35b4c25357ea106931d058f045bec6abc622f28f79f297970c1c71e6248dd5,9bdbd86c059fa0cfa98de3e57132842bce6a5994a3d0cccaeba25546770f821c,artifacts/reports/provenance/sp1/training_fragment_cartpole_expert_k1/metrics.json,"SP1 proof-backed multi-step training fragment for a canonical tiny MLP vector; not full DQN training, Adam, all replay batches, or recursive aggregation.; dataset_root equals the committed cartpole-expert-v2 merkle_root; peak RSS unavailable in reused compact provenance"
core,training_fragment,lunarlander_expert,committed_dataset,1,"[8, 64, 4]",,,,,True,proof_verified,4.18296746,0.12961467,2849714,5745368,,,,cuda,,0.1.0,6.1.0,83e5f305703f0ac5c85b213e73fc7dc3fce95985,training_fragment_lunarlander_expert_k1,2d1d1d7964cd9c6a3f798cfe20c2c924695781b732415004ba1a2e2f9dd8088e,9bdbd86c059fa0cfa98de3e57132842bce6a5994a3d0cccaeba25546770f821c,artifacts/reports/provenance/sp1/training_fragment_lunarlander_expert_k1/metrics.json,"SP1 proof-backed multi-step training fragment for a canonical tiny MLP vector; not full DQN training, Adam, all replay batches, or recursive aggregation.; dataset_root equals the committed lunarlander-expert-v1 merkle_root; peak RSS unavailable in reused compact provenance"
trace_scaling,training_fragment_k16,k16,trace_length,,,16,,,,False,execute_only,,,,,,,,,,,,,training_fragment_k16_execute_only,,,,reference/execute-mode only in current backend; no proof metrics claimed
trace_scaling,training_fragment_k32,k32,trace_length,,,32,,,,False,execute_only,,,,,,,,,,,,,training_fragment_k32_execute_only,,,,reference/execute-mode only in current backend; no proof metrics claimed
trace_scaling,training_fragment_k128,k128,trace_length,,,128,,,,False,execute_only,,,,,,,,,,,,,training_fragment_k128_execute_only,,,,reference/execute-mode only in current backend; no proof metrics claimed
batch_scaling,training_update,batch4,batch_size,4,tiny,,,,,False,not_supported_current_backend,,,,,,,,,,,,,training_update_batch4,,,,current Phase 5 training_update SP1 backend is canonical batch-size-1 only
batch_scaling,training_update,batch8,batch_size,8,tiny,,,,,False,not_supported_current_backend,,,,,,,,,,,,,training_update_batch8,,,,current Phase 5 training_update SP1 backend is canonical batch-size-1 only
batch_scaling,training_update,batch16,batch_size,16,tiny,,,,,False,not_supported_current_backend,,,,,,,,,,,,,training_update_batch16,,,,current Phase 5 training_update SP1 backend is canonical batch-size-1 only
network_scaling,training_update,network_small,network,,small,,,,,False,not_supported_current_backend,,,,,,,,,,,,,training_update_network_small,,,,current SP1 proof-backed relations are canonical tiny vectors only
dataset_merkle_scaling,merkle_membership,dataset_1000,dataset_size,,,,1000,10,,True,proof_verified,0.925883929,0.12542975,2782933,357965,,125.172,125.172,cuda,,0.1.0,6.1.0,68cfd323236a0a8f334d79f9d84ac510957c6e45,merkle_membership_dataset_1000,5342e72244f6e3cca646ea0369e543bdc408dc931419de7c8bb769b03b3b1820,c44ef28f9f74d9b1440e04252379e7335f9a6affabd32c12dc553340542db262,artifacts/reports/provenance/sp1/merkle_membership_dataset_1k/metrics.json,dataset-size/Merkle-depth SP1 proof scaling row
dataset_merkle_scaling,merkle_membership,dataset_10000,dataset_size,,,,10000,14,,True,proof_verified,0.99340296,0.126355242,2783958,470318,,125.172,125.172,cuda,,0.1.0,6.1.0,68cfd323236a0a8f334d79f9d84ac510957c6e45,merkle_membership_dataset_10000,9b9e46f17049e6e7dbe334070564644711395d0c682fb466a67a0ed3c6259224,c44ef28f9f74d9b1440e04252379e7335f9a6affabd32c12dc553340542db262,artifacts/reports/provenance/sp1/merkle_membership_dataset_10k/metrics.json,dataset-size/Merkle-depth SP1 proof scaling row
dataset_merkle_scaling,merkle_membership,dataset_50000,dataset_size,,,,50000,16,,True,proof_verified,0.983866823,0.125704957,2784470,526578,,125.176,125.176,cuda,,0.1.0,6.1.0,68cfd323236a0a8f334d79f9d84ac510957c6e45,merkle_membership_dataset_50000,7b81682d8acdfbaf1529d63512606c8fa33b8ab4b7effb9c062f1d1123c7b815,c44ef28f9f74d9b1440e04252379e7335f9a6affabd32c12dc553340542db262,artifacts/reports/provenance/sp1/merkle_membership_dataset_50k/metrics.json,dataset-size/Merkle-depth SP1 proof scaling row
dataset_merkle_scaling,merkle_membership,dataset_100000,dataset_size,,,,100000,17,,True,proof_verified,0.985963135,0.125770086,2784983,554100,,125.176,125.176,cuda,,0.1.0,6.1.0,68cfd323236a0a8f334d79f9d84ac510957c6e45,merkle_membership_dataset_100000,bca97b40627f2575f46be62aafd315cfe5ad4a5d47dddeab21ee38a4e88e5e38,c44ef28f9f74d9b1440e04252379e7335f9a6affabd32c12dc553340542db262,artifacts/reports/provenance/sp1/merkle_membership_dataset_100k/metrics.json,dataset-size/Merkle-depth SP1 proof scaling row
recursive_aggregation,native_flat_recursive_t16,true_recursive_native,recursive_aggregation,,tiny,,,,16,True,proof_verified,189.716878495,0.053988435,1274074,422706047,,,,cuda,,0.1.0,6.1.0,83e5f305703f0ac5c85b213e73fc7dc3fce95985,native_flat_recursive_t16,11febdd06138b83ca8b9925d773e215d4cee98413ece64153bbfc76dbc2adf89,51f963259c42534cdf977e13b9c7e98dd36ae8593936dbdfbecd6319325af3ec,artifacts/reports/provenance/sp1/training_aggregation_recursive_t16/metrics.json,SP1 true recursive aggregation; native_sp1 child training-fragment proofs are verified inside the aggregate guest.; child proofs verified inside the aggregate SP1 guest; requires a CUDA prover; peak RSS unavailable in reused compact provenance
recursive_aggregation,native_flat_recursive_t32,true_recursive_native,recursive_aggregation,,tiny,,,,32,True,proof_verified,392.116108613,0.059485475,1274074,842030244,,,,cuda,,0.1.0,6.1.0,83e5f305703f0ac5c85b213e73fc7dc3fce95985,native_flat_recursive_t32,81575fa39c41f96641b4743bd8c1b31ca11b6bc40b97b7e341888e505836b0d8,51f963259c42534cdf977e13b9c7e98dd36ae8593936dbdfbecd6319325af3ec,artifacts/reports/provenance/sp1/training_aggregation_recursive_t32/metrics.json,SP1 true recursive aggregation; native_sp1 child training-fragment proofs are verified inside the aggregate guest.; child proofs verified inside the aggregate SP1 guest; requires a CUDA prover; peak RSS unavailable in reused compact provenance
recursive_aggregation,native_flat_recursive_t64,true_recursive_native,recursive_aggregation,,tiny,,,,64,True,proof_verified,770.648105341,0.053907619,1274074,1683536040,,,,cuda,,0.1.0,6.1.0,83e5f305703f0ac5c85b213e73fc7dc3fce95985,native_flat_recursive_t64,6124d8baa01798d9bc2e22dc69ebd00a4cb345cbc122a041d6013dee3d336674,51f963259c42534cdf977e13b9c7e98dd36ae8593936dbdfbecd6319325af3ec,artifacts/reports/provenance/sp1/training_aggregation_recursive_t64/metrics.json,SP1 true recursive aggregation; native_sp1 child training-fragment proofs are verified inside the aggregate guest.; child proofs verified inside the aggregate SP1 guest; requires a CUDA prover; peak RSS unavailable in reused compact provenance
recursive_aggregation,binary_tree_native_t16,binary_native_recursive,recursive_aggregation,,tiny,,,,16,True,proof_verified,181.695961217,0.05394932,1274640,421922727,,,,cuda,,0.1.0,6.1.0,83e5f305703f0ac5c85b213e73fc7dc3fce95985,binary_tree_native_t16,ad30417172f450cc112926cc5c4a4c26c3a8ecc259e7eaaa40525643c1af5d3b,51f963259c42534cdf977e13b9c7e98dd36ae8593936dbdfbecd6319325af3ec,artifacts/reports/provenance/sp1/training_aggregation_binary_native_t16/metrics.json,SP1 true recursive aggregation; native_sp1 child training-fragment proofs are verified inside the aggregate guest.; binary-tree topology; child proofs verified inside the aggregate SP1 guest; peak RSS unavailable in reused compact provenance
recursive_aggregation,groth16_recursive_t16,groth16_child_proofs,recursive_aggregation,,tiny,,,,16,True,proof_verified,1590.207291902,67.978753114,1469721875,6189380355,,,,cuda,,0.1.0,6.1.0,83e5f305703f0ac5c85b213e73fc7dc3fce95985,groth16_recursive_t16,91f98f6dbcf0c1cb9d5021b2fd660ad757cc253ac3b45aa6a05cb813d27826c1,51f963259c42534cdf977e13b9c7e98dd36ae8593936dbdfbecd6319325af3ec,artifacts/reports/provenance/sp1/training_aggregation_groth16_t16/metrics.json,SP1 true recursive aggregation; groth16_bn254 child training-fragment proofs are verified inside the aggregate guest.; Groth16 child proofs verified in-guest; 20x the cycles of native child verification; PLONK child proofs are untested; peak RSS unavailable in reused compact provenance
recursive_aggregation,binary_tree_native_t1248_cartpole,whole_run_cartpole,recursive_aggregation,,"[4, 64, 2]",,,,1248,True,proof_verified,191.782642624,0.054242549,1274654,422411631,,,,cuda,,0.1.0,6.1.0,83e5f305703f0ac5c85b213e73fc7dc3fce95985,binary_tree_native_t1248_cartpole,8de77e08a67e29da6f11c7f62c4e09045d17af0dc904a11c639664f563ad3408,51f963259c42534cdf977e13b9c7e98dd36ae8593936dbdfbecd6319325af3ec,artifacts/reports/provenance/sp1/training_aggregation_binary_native_t1248_cartpole/metrics.json,SP1 true recursive aggregation; native_sp1 child training-fragment proofs are verified inside the aggregate guest.; one root proof over the entire 1248-step run; dataset_root equals the committed cartpole-expert-v2 merkle_root; peak RSS unavailable in reused compact provenance
recursive_aggregation,binary_tree_native_t1248_lunarlander,whole_run_lunarlander,recursive_aggregation,,"[8, 64, 4]",,,,1248,True,proof_verified,192.747734871,0.053971765,1274654,422387142,,,,cuda,,0.1.0,6.1.0,83e5f305703f0ac5c85b213e73fc7dc3fce95985,binary_tree_native_t1248_lunarlander,0394031ffd8ab7df6570fcd9ffe60f9a3ed6d2a9b436b5413717e638783f26ee,51f963259c42534cdf977e13b9c7e98dd36ae8593936dbdfbecd6319325af3ec,artifacts/reports/provenance/sp1/training_aggregation_binary_native_t1248_lunarlander/metrics.json,SP1 true recursive aggregation; native_sp1 child training-fragment proofs are verified inside the aggregate guest.; one root proof over the entire 1248-step run; dataset_root equals the committed lunarlander-expert-v1 merkle_root; peak RSS unavailable in reused compact provenance
recursive_aggregation,binary_tree_native_t4992_lunarlander_random,whole_run_lunarlander_random,recursive_aggregation,,"[8, 64, 4]",,,,4992,True,proof_verified,193.05798728,0.053897183,1274654,422401017,,,,cuda,,0.1.0,6.1.0,83e5f305703f0ac5c85b213e73fc7dc3fce95985,binary_tree_native_t4992_lunarlander_random,4ff362b0b23f2d4d10957d73cd2a10f9f359aa664d5243afa745228acdcad813,51f963259c42534cdf977e13b9c7e98dd36ae8593936dbdfbecd6319325af3ec,artifacts/reports/provenance/sp1/training_aggregation_binary_native_t4992_lunarlander_random/metrics.json,SP1 true recursive aggregation; native_sp1 child training-fragment proofs are verified inside the aggregate guest.; one root proof over the entire 4992-step run; dataset_root equals the committed lunarlander-random-v1 merkle_root; peak RSS unavailable in reused compact provenance
